<banlist>
    <ban nick="Fronyesz_" ip="37.76.50.163" serial="D1CD78A2DD341DE45A1519A9A6A5DFA2" banner="voxel" reason="SK" time="1698947468" unban="1701539468"></ban>
    <ban nick="FlashyWitch91" ip="89.133.119.249" serial="D1BA408070268999AC3E22DD6A3E3434" banner="voxel" reason="SK" time="1698961333" unban="1701553333"></ban>
    <ban nick="Nagata" ip="195.228.219.139" serial="ACC75E748CE91DE38D30FA089D2405F2" banner="voxel" reason="SK" time="1698961380" unban="1701553380"></ban>
    <ban nick="jampivok" ip="213.222.163.129" serial="4D87AD110D1BBAD51617E86DAB1C9042" banner="lowas" reason="1 100" time="1699042378" unban="1702642378"></ban>
    <ban nick="#d5ff34Ricky" ip="92.52.198.30" serial="4A8C12A8EBAF974EFAD0B5D9A0A313F2" banner="lowas" reason="400 400" time="1699042389" unban="1713442389"></ban>
    <ban nick="lowas" ip="84.0.227.1" serial="86571CF5AF0F8E36419E40B7DD050B44" banner="InitLibary" reason="anyad" time="1699042390" unban="1701634390"></ban>
    <ban nick="ebredezem" ip="45.10.94.195" serial="7BEB18D07B1484CB6877099D73491843" banner="voxel" reason="Cheat." time="1699045640"></ban>
    <ban nick="besalito" ip="94.21.45.195" serial="70B6258B12274D966D3A6B6A0F322284" banner="voxel" reason="Cheat." time="1699045642"></ban>
</banlist>
